"","Andong","Ansan","Anseong","Boeun","Boryeong","Bosung","Buan","Busan","Buyeo","Changnyeong","Changwon","Cheonan","Chilgok","Choongju","Chuncheon","Chungdo","Chungju","Chungyang","Daegu","Daejeon","Damyang","Dangjin","Danyang","Donghae","Euisung","Euiwang","Eumsung","Gangjin","Gangneung","Gapyeong","Geochang","Geumsan","Gimcheon","Gimhae","Gimje","Gochang","Goesan","Goheung","Gokseong","Gongju","Goryeong","Gosung","Gumi","Gunpo","Gunsan","Gunwi","Gurye","Gwangjoo","Gwangju","Gwangyang","Gyeongju","Gyeongsan","Gyeryong","Hadong","Haman","Hampyeong","Hamyang","Hapcheon","Hoengsung","Hongcheon","Hongsung","Hwaseong","Iksan","Imsil","Jangheung","Jangsu","Jangsung","Jecheon","Jeongeup","Jeongju","Jinan","Jincheon","Jinju","Milyang","Muan","Muju","Munkyeong","Naju","Namwon","Namyangju","Nonsan","Okchun","Osan","Pohang","Pyeongchang","Pyeongtaek","Sacheon","Sancheong","Sangju","Sejong","Seocheon","Seosan","Seoul","Siheung","Sunchang","Suncheon","Sungju","Suwon","Tongyeong","Ulsan","Wanju","Wonju","Yangpyeong","Yangsan","Yangyang","Yechun","Yeoju","Yeongam","Yeongchun","Yeongdong","Yeonggwang","Yeongju","Yesan","Yicheon","Yongin"
"Andong",134392,9167,22414,100,267,1,99,43886,23,14091,4824,1023,521951,37871,23374,10095,1663,15,1509346,1876,1376,2654,91377,312,100079,1330,14828,0,5993,2915,6766,56,900,14020,76,626,147,0,50,51,18301,177,1641,9716,52,97658,284,20317,22147,10722,39385,41670,35,2094,55719,12,2017,764,7378,10621,334,14485,371,141,0,438,521,86207,284,1182,487,4293,4787,23980,91,158,65,0,4028,4315,114,124,14485,19085,2663,15960,4416,1170,657,89,12,1806,255338,33112,1145,1627,986,50357,1356,51823,3833,67997,15706,41608,2830,36644,13058,0,13337,171,322,122372,344,10386,16121
"Ansan",9225,575431,93734,2844,19001,1,7743,18427,5656,4395,2264,75397,6435,41783,1110,580,44054,1732,41178,40961,566,90379,7736,14822,312,279219,82327,4,27159,9,335,2576,5743,7710,2610,5143,6269,1,307,14942,532,436,18891,733415,31060,272,154,3831,16798,1233,13923,4507,941,229,13774,1794,4355,25,20613,2442,12540,516441,991,287,1,682,2616,26263,347,1689,91,24142,2170,3202,19374,1895,5603,74,303,17,1848,3900,67226,6897,10248,232321,1415,952,28972,4892,8671,44214,7212343,5881291,59,692,3102,1221195,1697,15807,836,83430,1100,7758,7315,439,68001,2,5161,1172,3154,14008,20102,171926,514427
"Anseong",27405,220016,701527,20281,45677,5,24723,33172,46894,9014,4394,1028981,12039,455255,22040,1905,503215,13871,89045,447783,1279,146513,70630,16180,676,25095,587561,13,41601,23,1641,18646,20005,15163,8430,19646,13584,3,74,126946,1121,2647,38262,74462,112884,607,728,362048,22741,6535,18826,9889,11854,1416,27043,4900,13395,74,30060,25523,30213,1315251,9143,1710,1,3558,4522,186728,6712,13081,425,644851,13132,9735,77063,10258,8170,104,2042,33,6964,23181,1663556,13617,14069,1282894,7828,5986,56624,42143,29006,87432,4605453,515898,278,1806,4387,1382079,8578,26158,7282,102291,19741,18231,15267,1230,125163,7,8472,6549,12254,55219,24363,284918,104922
"Boeun",111,6403,22229,87081,510,0,270,9138,1229,2777,1215,66866,4370,5636,873,602,689649,717,34228,154172,95,1091,1163,221,17,432,7722,0,792,1,191,607,2511,3822,623,201,463,0,17,2867,828,37,21852,1305,2175,7,184,10105,5387,1916,5180,2679,1805,61,8175,64,115,50,377,725,37,26611,4218,577,0,80,744,2704,2157,4810,64,15936,362,2438,1007,185,1284,0,217,4,3553,588,25081,5451,231,19350,219,93,109499,2818,887,1707,129563,28128,65,513,3191,26609,184,9566,3093,1355,791,5057,344,1,2322,0,2968,79,171,63,3739,5290,2722
"Boryeong",337,42558,45324,499,384312,0,37086,185,7815,50,20,2057,286,11977,321,34,7908,565,3730,53886,2567,158737,5615,423,3,20164,8274,3,914,1,3,690,1636,69,17950,16964,356,0,1333,8764,7,15,2018,19468,612738,9,59,350,74879,1198,570,153,113,320,130,3554,11,3,325,334,189980,190263,19,8,1,3,8700,6199,19,39,6,5130,47,112,39208,142,113,159,82,2,63,1343,5850,797,214,249898,101,11,904,38457,308165,256394,516384,157275,188,7953,81,25566,44,932,27,1430,283,65,264,7,1196,1,243,384,7511,1069,2530,1683,2134
"Bosung",0,1,3,0,2,1175811,12,19,3,0,2,0,0,2,0,0,3,0,9,24,30,2,0,0,0,0,2,67475,1,0,0,1,0,8,11,19,2,210,72,0,0,0,1,0,19,0,0,1,185,73,3,1,0,8,19,3,0,0,0,0,1,2,6,0,146662,0,53,1,38,16,0,1,13,0,147,3,0,1,14,0,2,3,0,7,0,0,4,0,1,0,1,1,39,3,3,912823,0,2,3,0,22,2,0,7,0,0,1,146603,1,0,0,0,1,1,1
"Buan",67,14077,7127,105,38658,6,37701,3810,15587,362,874,19638,105,321,89,15,1582,2503,4222,2999,11605,13856,27,21,28,1053,173,11,74,0,366,40,100,2889,32073,114621,2,0,6482,32654,231,402,243,3919,149439,15,1637,125,267882,5070,457,147,7,1707,5660,20918,786,31,37,52,15069,42233,20,84,1,7,31698,152,157,671,6,196,1465,58,92111,21,5,443,6167,3,17,93,10524,604,17,21990,1634,575,279,16219,22500,21214,155850,44650,2259,24965,124,13476,1580,1583,103,135,54,910,41,0,163,4,275,25,40550,33,4408,198,883
"Busan",51050,31712,42647,7178,224,14,4109,128778,1485,286892,2543812,105686,156536,38955,8574,139799,95484,1157,1127758,159663,12109,18618,12172,43,13349,5958,34911,5,956,240,65119,19448,92809,8310265,3933,8118,31739,11,10835,13455,9793,3625,166340,11224,2539,8656,3662,51010,197718,515510,1191132,102644,3080,201532,671509,161,36860,4586,3097,4308,68,61527,45556,1925,9,6192,6880,14470,9470,139161,6260,16155,509874,594500,1689,14330,10876,0,24432,163,11313,17953,45219,57043,1585,59691,344986,71028,42960,19513,664,21669,375664,71370,5233,73149,45747,63524,2597,2515014,112708,14677,18078,6535679,1005,2380,22838,18,244487,14022,5849,27599,21145,37747,26375
"Buyeo",24,6709,13865,1011,8823,0,15354,727,35271,218,69,51540,873,1528,124,115,9018,18743,9324,152234,821,15515,209,87,12,328,916,2,184,1,5,1187,2830,258,5668,7010,34,0,222,120004,15,12,4159,1590,153014,5,4,233,22768,44,1702,604,120,15,301,1693,16,4,78,112,887,25654,43,8,0,2,2866,702,15,71,13,1560,37,484,13273,423,32,64,6,1,105,3384,21491,1997,61,12935,20,16,2948,136759,46800,9248,139539,25210,7,262,338,25021,22,2651,31,355,85,379,65,0,339,0,883,1073,2948,135,26531,495,1679
"Changnyeong",13413,7178,8624,2112,29,1,368,262107,379,197585,110002,19816,33701,9747,1718,44,19680,281,709598,34150,1084,3089,2844,26,4216,452,7514,0,660,28,48114,943,39101,269363,376,872,7145,0,435,1756,7957,1247,38574,2228,357,3230,342,6239,10842,33316,6596,14098,453,20365,973200,21,6597,4418,633,1075,12,9461,3302,312,0,761,494,3137,728,24559,839,3567,91638,99,229,714,3920,0,3960,11,1344,3564,8164,26017,383,8490,42625,5828,14370,4442,108,2777,74795,12540,937,4857,43930,12708,3295,10451,9108,2536,5190,37150,372,599,4717,1,17422,4535,353,6992,4127,5526,4611
"Changwon",8560,4984,6654,1631,12,5,1181,2454593,141,181614,3309942,16712,16283,7724,1910,565,14376,126,201568,30473,3741,3954,2593,32,2631,568,4167,5,679,41,30318,3004,20270,3917613,1393,2322,5785,1,3135,2189,2897,2488,25020,2606,313,1153,1694,5827,46325,133875,127529,769,424,76202,786904,26,15603,3063,661,1292,17,9318,9250,715,0,1797,1942,3252,2679,83056,2134,2896,307465,2087,216,4123,3049,0,7107,18,3152,1883,7396,1018,333,7495,168641,37572,9006,4741,66,6656,65729,12240,1579,23261,16885,11454,3382,423776,24244,2513,5186,613939,470,459,3490,2,2177,2061,1197,5061,3780,3438,4203
"Cheonan",1984,203724,1083312,70517,4010,6,61173,141588,127717,22099,14186,2842786,41134,24357,2706,4496,1063135,36090,277184,1720718,346,4280,3339,3560,116,17459,16835,32,8128,8,3210,58929,57982,41601,16312,47499,964,2,66,331946,3333,5798,152199,42755,290941,81,521,4458,11870,3797,83699,31536,18905,2300,92497,11852,15715,207,3296,2906,667,1318741,3318,847,3,5860,3214,13825,1643,8875,471,8785,28806,24121,184737,27508,398,252,2640,16,4602,73313,1457063,40844,2729,750908,18945,14180,119650,117849,69879,7277,3861820,600085,132,1026,15802,1207648,19257,99017,2962,10142,2309,51424,3978,76,9738,13,38323,18819,29243,3889,9531,19301,70070
"Chilgok",558330,6098,9708,3056,236,0,143,118042,779,40482,9986,29833,97292,12844,10540,35730,28086,542,6479953,54964,1828,3189,45058,486,186302,544,7978,0,4746,269,14856,758,68450,46065,334,643,8804,1,35,3226,35936,457,475015,5136,785,175055,295,6257,28941,14043,186902,396247,1325,3356,100134,30,3281,1659,3971,6932,19,12280,6514,244,0,439,1747,38769,757,6955,618,3563,7678,70122,337,141,5804,0,6081,180,3925,9680,10535,236719,2388,18187,8472,1599,40666,5528,570,6632,66347,15146,1496,1828,1474,10365,2098,178636,4173,16605,4128,100482,2341,13999,4846,0,257342,10974,385,165732,6537,7942,5182
"Choongju",38697,58368,419408,5335,13433,1,380,36323,1426,9892,4339,12909,15194,229611,2550,1482,294681,487,89704,268011,784,54368,141381,864,1431,8423,406033,0,3277,38,1464,7216,16595,15872,2777,366,48836,1,67,2444,4519,162,42555,40753,6256,1767,1354,120635,35728,12456,16983,12642,7773,648,29689,125,1248,94,1433,1883,8436,108302,19717,2560,0,1019,4668,179214,12206,26557,657,161357,2504,7989,2669,3152,24542,0,1771,63,14069,11657,108048,12739,912,186586,1924,1219,120043,2905,2162,29036,917966,142383,495,3471,6897,224870,993,26852,14142,8815,107972,16345,1322,2165,120824,0,8502,2502,408,85690,7705,82619,83441
"Chuncheon",34768,850,22186,788,237,0,55,10239,116,2164,1140,1482,11746,2658,1408416,872,31072,30,61863,40182,160,490,23830,12299,3940,171,18500,4,25976,38878,515,1117,987,3330,466,59,827,0,25,275,1526,103,2343,930,413,7455,335,853,7206,2550,8521,2530,1541,384,11722,18,450,38,1014945,4960723,161,2523,2783,490,0,246,1036,154722,1547,5285,115,6041,1618,5100,336,638,508,0,485,192169,2135,1545,2096,6731,7217,1806,997,364,2489,455,135,477,1173463,1438,85,706,236,9707,764,14467,2592,1006350,17379,9829,2046,3548,45671,0,2273,313,78,40462,216,30934,28891
"Chungdo",74,2,10,3,0,0,0,1144,1,2,14,37,318,16,5,69,33,0,1334,91,0,0,12,0,17,0,10,0,2,0,5,1,26,279,0,1,20,0,0,3,6,1,315,3,0,10,0,15,15,7,317,157,0,1,24,0,3,0,5,4,0,12,2,0,0,0,0,15,0,1,3,8,3,302,2,0,7,0,4,0,2,3,17,254,0,6,4,1,26,4,0,4,182,33,0,0,8,30,2,541,8,21,9,1485,0,2,9,2,250,13,0,62,5,9,6
"Chungju",2301,127575,560717,728235,9997,1,2722,118239,11477,22126,11150,981549,39212,346042,35716,4912,2612759,5981,301015,4530912,4850,22110,69324,14824,134,11298,482574,4,41401,33,3670,138419,72105,45097,20307,2457,2009,3,478,24628,3818,6435,186809,30315,26589,122,9117,312367,187217,76287,64621,26671,74098,5799,78643,728,21171,207,17224,27565,1427,435450,142594,17028,0,10529,33970,172671,67769,175282,5450,913985,38157,26191,14514,45438,1244,10,11676,45,92973,369292,431924,50146,11794,361854,23600,18607,333804,23794,10328,17902,2587744,364608,2530,18666,18039,475820,25462,89526,92190,57043,24955,51430,18362,89,100055,3,30295,72453,2302,21978,23114,306812,105725
"Chungyang",9,1964,3496,581,956,0,2128,1023,17829,289,93,11224,580,394,33,97,4822,174,6978,146037,109,4476,60,17,24,82,727,0,45,2,10,2053,1877,269,654,1275,11,0,29,29430,44,12,2859,378,19068,4,17,61,3590,114,1340,497,308,7,460,390,34,0,27,24,38,6400,109,28,0,11,800,188,38,181,7,259,47,370,3793,737,8,20,13,0,207,3112,5390,1460,8,3235,27,39,1329,68083,9040,2348,32676,6264,5,57,231,6284,40,2075,90,75,16,555,19,0,73,0,603,738,770,54,7181,125,421
"Daegu",1462057,51621,84956,30224,3407,6,4617,592534,8757,736314,129047,229901,6428169,96884,53617,145083,253976,7132,19379664,597890,29348,32520,91232,648,765574,4698,55026,13,22306,1904,717890,8814,983374,305931,6581,11932,85127,8,630,26207,1084412,4778,4944686,27854,4758,730238,5124,88992,309989,175968,1609414,4069620,11816,59030,1335046,248,89748,113631,15845,30858,329,123499,45775,3480,2,12211,10580,115233,12310,69775,14050,27289,133054,287184,3121,8857,70046,3,98805,937,31594,52680,116016,3016031,11047,94509,132152,38238,447777,79137,3855,42221,1009662,142625,23643,24211,363928,182921,30699,1072799,145697,88860,57376,345854,11530,47732,61832,1,3735427,91067,5483,452548,55668,51209,60461
"Daejeon",1966,89001,428218,162234,52001,10,3150,175463,138515,36025,21211,1541690,62020,286282,41587,9852,4365870,147893,652525,12553826,11491,270663,29565,14871,457,7640,181228,2,40149,32,9551,1514723,333188,70618,70477,3818,2219,7,1305,569845,6003,18345,321933,35556,68517,363,23817,179061,527958,174306,119736,46276,428830,15824,170024,1515,81087,615,17013,32409,2702,442550,648332,56851,6,57330,83655,114911,233586,833035,22870,353220,113969,40976,26681,583092,2112,10,35805,39,871868,1680944,453285,123178,11067,289660,74901,55170,343129,1406867,95225,300076,2721686,364429,6514,46795,24828,541610,77045,152770,408974,54519,22491,89925,16569,57,81901,6,54741,428092,4946,13194,851139,148771,72169
"Damyang",1305,2467,1637,81,3113,24,11742,8703,986,1154,2491,498,1536,740,173,97,4358,171,30978,13837,35080,7124,156,44,251,54,527,3,140,1,4723,474,1120,7948,5524,24391,36,7,110347,14676,1717,949,2248,297,13038,132,16550,772,1281585,32874,2865,1620,1286,4544,15179,240,5777,381,261,129,1458,4188,2376,4550,11,92,16324,315,12153,9308,84,931,6523,145,1427,1960,61,3,58523,0,2213,283,256,4074,47,2820,8139,3488,769,4420,1246,5526,16871,7631,26611,142062,1128,416,3205,3656,9855,298,83,1797,67,40,963,10,1737,39,10105,679,7409,1080,79
"Dangjin",3649,277740,144519,1348,123858,0,10077,32175,13430,4334,3884,5699,10834,43906,616,601,19948,3984,52520,284281,1615,815107,20125,1843,81,62675,38967,2,6036,2,441,6215,12144,9501,4948,5256,1157,1,607,78393,333,3425,15523,73871,77977,34,2087,1026,66063,14590,23948,11211,2157,655,20480,1967,1565,9,1433,892,86443,938330,13519,3793,1,363,12361,28573,4800,22840,757,37323,3363,4628,24719,3259,912,72,1726,8,25724,8480,22506,43169,785,1372703,3013,1786,5013,109329,28948,258977,1708578,813494,521,4491,2497,75316,2243,28584,11873,4077,612,8140,846,147,4559,4,15764,3119,3415,5332,215510,4130,7323
"Danyang",107447,8947,61429,890,1401,0,41,15874,202,4407,1689,1398,42551,121269,17049,1614,60887,43,105553,24283,150,6569,45479,856,23507,1349,50255,0,5628,1542,1197,801,275,5798,328,47,1916,0,8,282,4165,84,378,10248,1134,40978,82,22990,3626,15631,11114,4417,439,3438,20747,9,362,84,8429,9597,502,20547,2265,151,0,135,331,122210,1186,2847,78,19101,1909,10060,566,239,279,0,748,2184,1294,1033,17562,7036,1715,28005,1374,278,377,477,452,2711,186148,30921,154,459,355,45765,473,33349,1706,120052,13667,14857,2400,12679,13881,0,3351,192,31,350797,846,10539,16775
"Donghae",269,13554,14809,181,454,1,49,181,123,28,19,2337,370,786,5694,5,11373,32,567,12475,53,2213,800,108624,46,2222,6348,0,1766896,675,15,356,141,55,545,40,291,0,6,276,20,3,254,17167,582,32,33,26790,2355,370,95,14,578,25,220,13,24,1,149351,924,169,13451,1808,98,0,38,295,2798,676,1943,46,3435,41,20,258,136,130,0,62,2110,628,559,6940,79,76634,4711,27,23,350,232,119,997,272825,46738,19,115,19,69531,18,262,908,141666,6320,61,320453,68,21027,0,42,72,58,434,291,18642,36686
"Euisung",84957,318,667,6,7,0,24,9148,19,4514,1627,77,156500,1423,2226,2841,103,23,756609,484,228,46,13989,36,291,35,614,0,500,173,1844,13,298,4124,20,94,26,0,9,27,4707,80,420,297,16,26805,54,737,4039,2604,6006,11433,8,464,13625,4,495,157,961,1194,3,504,169,71,0,114,134,6858,75,401,121,126,957,6294,12,70,19,0,1024,181,53,59,493,4383,304,583,952,273,54,28,18,40,7902,1013,205,282,334,1666,273,11222,1122,10242,607,8980,296,3168,556,0,2780,78,74,24339,109,347,572
"Euiwang",1761,317847,25453,559,26024,0,1475,7610,1350,503,379,24723,652,8827,220,133,11649,405,5772,10776,52,92422,1680,2393,36,1030,16643,0,4562,1,41,545,1029,1404,384,1046,1309,0,18,3947,114,73,2392,161710,5882,51,16,1515,1548,85,1332,422,188,84,2876,389,210,8,3656,517,19002,103696,71,20,0,96,255,4250,28,134,6,5913,340,574,4156,337,832,17,42,4,95,1038,15571,878,2097,68679,253,199,4820,1174,4686,58648,889806,689846,6,45,461,383110,272,1973,64,16945,232,1739,1644,75,15098,0,538,174,623,2364,26191,46990,136209
"Eumsung",11472,124506,578364,7507,8631,0,218,24931,636,8125,2955,10917,10430,322112,19746,1080,365690,180,60121,148852,484,45425,45365,7074,543,15033,189232,0,22516,21,720,4786,7798,11873,2017,234,15942,1,60,1596,1077,655,18734,73277,2241,557,580,345038,20505,8048,11143,9681,5643,460,18170,91,1471,46,14689,14767,7579,220339,12775,1773,0,1204,6409,111015,10427,12403,509,169947,3392,6522,2238,2170,9185,0,1366,25,8544,7674,208874,8691,7546,282776,1857,1507,49605,2399,1053,20368,1905845,301420,310,1720,3370,439092,1451,20865,7730,52608,143716,12896,8121,519,198683,0,5214,1894,221,29078,5158,210362,163999
"Gangjin",0,4,2,0,4,73483,9,13,3,0,1,3,0,0,0,0,4,0,4,13,3,1,1,0,0,0,1,316,0,0,0,1,0,6,2,21,0,10,14,2,0,0,2,0,19,0,0,2,136,25,3,0,2,0,15,10,1,0,1,0,1,3,1,0,24521,0,2,0,5,11,0,1,4,0,99,1,0,1,6,0,0,1,0,2,0,4,3,0,2,1,3,2,76,7,3,349812,1,0,1,0,15,0,0,2,0,0,0,642941,0,0,0,0,1,1,1
"Gangneung",5908,25122,36891,710,898,0,91,726,226,704,339,5784,4421,2674,12718,140,34519,66,20859,37111,118,2535,5419,1671272,604,4525,21009,0,373421,1348,366,897,740,394,371,78,808,1,27,502,707,71,1236,33795,1326,767,190,56797,8078,2422,153,377,1717,243,4012,36,285,11,414894,2133,414,25185,2888,436,0,233,960,17345,1907,5503,110,6890,974,706,643,493,419,1,290,3960,1986,1425,17812,48,483544,8390,638,253,1976,496,217,1914,569863,92079,83,617,281,167205,453,1564,2327,488428,13226,704,766595,996,59803,0,151,256,122,8603,597,55885,88944
"Gapyeong",9,4,12,1,1,0,0,2,0,0,0,7,3,6,197,0,7,0,18,9,0,0,22,7,2,1,6,1,15,0,0,0,0,0,1,0,0,0,0,0,0,0,0,1,0,2,0,14,5,0,6,0,0,0,5,0,0,0,324,714,0,11,2,0,0,0,0,95,1,4,0,1,0,0,3,1,1,0,0,0,0,3,2,5,6,3,0,0,4,0,0,0,61,2,0,0,0,45,0,4,0,222,3,1,4,1,19,2,1,0,0,19,0,3,12
"Geochang",6536,748,2218,167,3,0,258,56785,4,50782,19748,3307,12216,1473,543,861,3176,9,709737,10973,4629,516,860,12,1905,31,551,0,420,3,382582,2180,5103,60138,350,1322,983,0,64,815,81520,6895,9188,183,17,1942,1192,978,46184,14575,18047,18008,237,7140,105955,27,81808,26174,179,408,3,2451,2954,443,1,1923,1565,1281,1032,7102,1689,410,64745,2080,157,2011,493,0,32631,5,841,78,2160,21366,90,1480,25879,29553,2233,1513,6,406,21866,2588,5179,3880,19725,3011,12232,25568,8740,958,399,11139,136,160,592,0,15494,103,639,2516,693,699,367
"Geumsan",41,5118,17930,527,677,0,60,19422,1039,759,2386,53380,1058,6440,1018,110,119033,1976,8927,1275640,453,5620,717,403,6,346,5095,0,823,0,1804,94553,2774,8477,1612,106,56,1,10,14464,645,3649,3580,1866,407,3,374,8395,10229,9617,1269,570,13402,3375,15034,55,19011,153,522,734,48,21412,9000,182,1,27540,1544,3029,4401,11887,3857,9559,18735,262,560,105852,32,0,4452,1,15474,2487,18924,1425,254,14918,11866,19012,2419,51497,887,5041,118445,21079,623,1041,371,21859,12114,2288,4765,1695,672,2254,269,1,2116,0,818,1504,133,268,19173,4038,2558
"Gimcheon",943,11316,22251,2043,1236,0,165,82742,2746,38003,12484,52310,84459,17492,1122,6372,66788,1945,990738,327199,1081,12262,252,174,303,1112,7314,0,906,6,5048,2963,201647,42769,1549,510,12998,2,32,9927,34782,267,775775,2808,1684,219,326,12798,18130,11050,49191,63289,3848,3059,91646,52,1573,1082,419,721,65,32631,13785,221,1,112,1226,3544,5714,17272,151,7260,5502,15586,712,136,7974,0,3809,3,12740,41756,33087,60455,331,21366,5611,1375,52293,31522,1930,16536,168676,28398,861,1472,107671,41094,1940,63890,6664,1341,6368,26430,400,15,6204,0,47219,102515,362,198,19312,6923,6231
"Gimhae",9788,8574,11573,2679,56,10,2864,7710148,278,285069,3850303,28708,27125,13981,2045,19761,29011,288,312213,53184,9067,6035,3533,13,3301,904,8973,7,352,37,62362,9084,38821,8786665,2625,5131,9056,6,7348,4637,5700,3614,34266,3328,613,2001,3174,11788,119708,301218,378689,4587,2574,168510,796091,55,35296,4322,701,1231,41,16496,21742,1434,6,5198,5160,3847,6689,114743,5507,3908,527720,55922,403,12190,4066,1,18522,19,6962,4464,15485,3604,419,14640,309805,75636,16158,7339,131,6345,123580,23062,4026,54231,30898,22575,2861,1132243,58087,3040,6925,2662579,355,515,6955,7,23039,4008,3065,6240,6986,7593,8340
"Gimje",92,6251,5508,536,14766,1,25270,4182,5471,358,1292,6250,618,2483,433,24,16294,735,7633,66279,4840,17461,297,222,24,329,2639,3,481,2,338,1527,1721,3536,11384,66927,58,0,1832,37602,312,417,2439,1458,12210,14,118,2033,416090,849,797,429,3898,141,4250,10848,2136,41,214,427,4146,15569,68879,224,1,4419,78749,1212,182037,135917,4159,3104,1394,67,65693,3731,15,347,238,2,14674,1712,3446,1234,124,9358,748,1809,2937,13762,6978,14244,63259,21334,87,3180,210,4379,986,1220,72640,878,280,665,223,0,1604,0,646,474,21123,147,17974,2702,438
"Gochang",544,8007,5918,79,17457,7,128719,7203,6733,896,1769,15376,456,319,72,43,1238,1240,11276,2758,22531,9267,29,21,90,875,182,15,47,1,1445,78,366,4670,76300,107770,11,3,15572,23668,576,618,602,3089,187403,51,3037,124,785797,9676,1370,1536,79,2272,9279,38483,1441,77,27,43,7200,30752,518,2469,3,31,91835,135,1072,2153,77,196,3262,69,344692,177,13,458,19098,2,198,102,8792,2162,25,14119,2378,1306,216,8032,9801,10091,119895,30511,9472,39411,494,11069,2117,2766,2507,140,42,1404,35,8,115,11,654,20,100477,181,2737,252,733
"Goesan",125,6930,14049,672,389,0,7,32868,32,7508,3949,512,10909,60029,691,1369,1651,8,92894,1894,50,1126,2732,403,26,1241,18707,0,813,8,992,46,14031,12965,64,8,30432,0,2,51,4633,80,36241,10426,84,22,37,21031,785,1310,19291,6798,42,543,29217,2,243,88,392,497,234,8528,160,24,0,13,66,6361,133,800,5,3651,2205,6845,37,27,13996,0,311,11,77,84,6937,15150,246,9329,1771,198,134597,44,30,1006,167878,24859,24,174,6584,40665,540,30748,187,1518,19578,13703,423,4,19364,0,7657,1039,4,525,242,12754,13407
"Goheung",0,2,0,0,2,1294,2,16,0,0,5,1,2,1,0,0,3,0,4,12,3,0,0,0,0,0,0,22,1,0,0,0,1,32,0,6,0,1731,18,0,0,0,0,0,2,0,0,2,24,32,3,1,0,2,17,0,0,0,0,1,0,3,6,0,22,0,3,0,4,5,0,1,6,0,3,0,0,0,4,0,0,0,1,1,1,1,2,0,2,0,1,0,21,1,0,1314646,0,4,1,0,9,0,0,4,0,0,2,42,0,0,0,0,0,1,3
"Gokseong",51,506,82,14,1356,50,4920,8194,216,330,2256,65,48,78,22,3,447,41,674,1294,112440,1216,12,2,9,10,80,3,26,0,97,29,38,6432,1633,11966,1,8,138665,2061,19,640,62,108,3848,9,149,133,2157381,51245,168,44,75,4793,11601,301,94,6,10,9,576,1258,310,92,8,4,24803,27,11345,2021,5,64,3855,10,834,68,6,3,582,0,204,19,55,120,5,605,4499,154,41,564,533,1399,4612,2109,819,319343,27,75,2752,3585,865,32,8,3067,8,0,38,12,61,5,6961,23,1041,99,13
"Gongju",57,15216,31952,2483,10354,2,26995,10211,104957,1723,907,108005,3128,2271,278,427,17304,29887,25684,622242,1511,81244,304,150,13,918,1316,7,364,1,330,16019,10352,3287,8987,17694,42,2,215,244133,305,644,12888,3585,131386,14,3645,425,55401,25101,5902,3868,3406,981,5726,4528,2053,23,162,200,628,58571,23790,6716,1,661,10059,1098,8569,39109,1369,2102,2950,2116,55455,5434,43,128,3063,6,39039,18604,49907,5251,94,31827,1740,1816,5144,268027,66026,71579,292931,51347,872,6662,1248,58405,2296,10721,21051,602,161,3994,157,2,584,4,2587,4561,9510,221,273830,1258,3937
"Goryeong",19513,1044,1330,797,6,0,147,5991,26,8767,2167,3064,34161,5404,1565,553,3551,40,1109867,5978,1553,405,7190,23,4794,88,1333,0,844,11,84675,629,38872,6309,233,660,4515,0,24,556,648,39,37823,404,50,4894,186,1653,9591,1076,11547,32964,85,217,8471,6,7949,45217,511,1367,1,1891,1906,166,0,822,343,4052,489,2158,667,479,459,511,57,526,3038,0,5884,4,490,535,2089,41317,346,1389,409,1770,14163,978,18,373,18864,2272,1163,326,37081,3316,192,8318,5097,2455,1800,1481,436,589,1601,0,28240,1007,225,8276,732,1194,1021
"Gosung",244,809,2765,41,5,1,362,4990,17,1522,3098,4588,398,277,150,6,5577,17,6010,17304,1009,2241,125,6,78,47,616,0,83,1,7668,2781,364,5623,290,678,124,1,766,1406,84,432287,586,225,36,49,500,1775,12022,54571,393,272,315,31952,21346,6,9928,122,43,99,6,3907,3015,184,0,846,366,161,634,7715,894,641,343468,14,23,4077,44,0,3436,1,886,64,3305,590,25,2621,51642,37650,222,2259,5,1109,33855,4074,637,8336,229,4019,1605411,2211,8914,235,85,1471,68,14,547,4,320,6,233,199,1366,610,676
"Gumi",1856,24210,39888,20922,2250,0,612,138160,4751,41876,13552,146413,571378,51170,2677,33251,174910,3254,5001533,322737,2637,16777,468,354,456,2019,19796,0,1696,11,10734,3996,777546,45011,2445,1064,37859,1,62,14963,36988,512,311254,9684,4876,412,523,31250,36895,23038,157777,244341,4022,5851,156329,120,3703,1368,848,1708,186,64752,25381,344,1,241,1681,4606,6657,31931,264,11069,13146,69065,1908,187,28940,1,7110,2,16366,31505,80475,241993,942,50491,13178,2514,221727,30668,3200,27170,323536,59166,1911,2872,36238,74753,4983,186144,10034,3029,20650,112860,1188,78,21346,0,151519,73756,854,679,25509,22555,21992
"Gunpo",11176,696211,72973,1365,11726,0,4581,10437,4452,2168,1258,44100,4703,37970,879,541,28291,1329,28876,44391,163,50945,12152,18408,312,121267,70990,0,35261,4,265,1738,2848,5384,1290,3307,8516,1,58,11882,326,451,8171,41608,17591,263,55,5582,5410,319,7789,2188,677,141,10364,992,912,34,24686,3044,8916,206266,253,73,0,271,2255,27766,94,486,21,9497,2132,2887,13395,1107,5567,36,178,15,359,4570,37630,4815,14874,90464,889,774,25826,3840,6863,25109,2202613,1564755,14,143,988,1619672,1126,9989,193,104603,1335,7728,9720,450,87034,0,2356,640,1913,19078,13630,209555,639629
"Gunsan",55,67507,33406,1611,627733,4,140008,890,153739,110,94,103553,676,5261,481,54,20408,19090,3397,83113,11804,90612,1085,370,7,3700,2651,5,1876,2,7,339,1507,350,13458,185309,96,0,4230,144973,16,24,3633,15259,37162,9,61,631,380616,1094,1079,414,73,221,584,35670,35,0,341,331,132609,176322,83,26,3,22,54141,3861,214,182,28,3996,114,275,213768,125,38,692,139,4,115,1421,50010,1162,179,105911,121,36,5436,136779,161817,206463,608624,224685,206,8594,157,61364,99,1174,156,1146,253,304,274,2,1226,2,566,426,53107,513,26051,3843,4113
"Gunwi",75266,387,493,12,6,0,20,5351,16,3731,839,94,165010,2108,5312,1689,104,7,704589,520,216,29,59812,35,17020,21,732,0,601,304,1982,9,301,2346,13,83,21,0,5,13,4818,22,353,230,11,163,25,718,2604,1424,4108,10662,10,205,9072,2,470,196,1655,1969,2,462,91,28,0,79,63,15455,55,257,57,158,542,4203,13,22,10,0,496,237,20,42,408,3029,481,615,568,190,44,26,35,34,6069,925,137,151,303,1242,162,5612,589,10658,753,4908,263,3076,492,0,2250,57,37,36553,83,424,617
"Gurye",341,2665,1309,201,35,7,1774,2832,22,248,1012,643,349,1382,303,22,8457,150,7159,24913,19752,17437,103,30,74,37,778,1,238,3,1401,562,358,2896,74,3530,29,10,277,41000,367,393,596,262,45,19,6642,1527,201210,152210,302,218,1441,4581,6181,53,1474,97,242,220,41,4864,10422,15060,3,37,4752,431,2948,28129,113,1000,3994,13,150,697,55,0,46494,1,4983,328,494,976,81,4858,3348,648,567,12176,35,9800,21553,9005,17179,52685,208,690,1419,2484,66406,428,254,517,117,21,502,6,335,18,2477,202,21990,1235,125
"Gwangjoo",21156,3593,372643,8827,520,1,172,34274,378,5981,4087,4023,10644,114427,958,1786,261592,108,94286,159677,656,1161,21875,28683,790,1637,358620,0,58977,33,801,7757,12325,17165,2079,201,22021,3,135,832,1562,1267,28781,5560,1059,742,1539,525845,26694,9157,16117,7659,3667,1280,26433,83,4386,62,38867,1260,316,12825,11550,2670,1,2406,4572,55044,8040,15734,731,87600,7421,8890,1280,5727,14125,0,2350,126,7693,13092,11294,13654,21512,5713,4805,3354,65849,1205,327,912,6988484,4705,401,2631,4435,31941,4873,24859,8919,202981,742,20724,12907,1080,220972,0,6918,3225,209,29934,481,826148,75951
"Gwangju",22515,67823,21229,4979,81051,594,271168,164508,21909,9735,38487,14466,22935,34395,7313,911,159241,5748,313377,526949,1228194,237045,4300,2516,4135,1563,17729,113,8753,9,49632,11962,17655,120825,407102,842505,767,57,2207435,486778,10021,11913,33199,10911,381880,2398,201760,26378,1724218,545916,34015,20904,30390,64750,179907,1062810,45928,2733,3434,6763,36558,132819,176262,72611,149,1477,946622,14963,810780,461878,2726,29091,71125,758,4361141,39994,798,491775,588665,13,94481,11208,8008,58876,3066,107501,64768,28797,16085,175991,28658,177240,488093,239556,600205,2456788,16638,11722,51473,54512,722872,13430,4072,40104,4426,655,17981,329,27435,3076,42324,10807,256362,39829,2310
"Gwangyang",11101,18778,8989,2085,1162,1049,4805,466860,169,31572,111342,5987,16271,14007,2521,154,68571,1046,187730,169418,32177,122316,12469,352,2351,264,10718,467,2560,7,14717,9986,14717,289820,657,9754,987,1300,44567,286717,1262,48620,23629,1829,825,1347,144130,9860,478948,964621,44966,11802,9289,392409,491824,186,13542,519,1489,2512,582,33945,78959,64040,335,873,26711,6499,13680,222163,598,14095,357005,387,250,18057,1234,0,153393,5,35250,4439,2980,51380,858,34048,360635,30406,7602,85672,379,69102,134231,62989,25314,963532,7102,4266,137946,189638,538974,4861,1598,79625,1296,458,5625,1274,12493,247,6911,7666,153958,10618,809
"Gyeongju",42123,22620,17456,4661,484,3,692,1232430,2041,6640,132571,78808,169931,20556,8023,27585,54280,1339,1821818,109105,4796,9328,10416,39,6413,1130,12425,0,336,278,16913,1183,49076,496287,817,1636,16425,1,139,7101,11907,278,159247,5030,2202,4212,251,16400,33921,48463,208709,325385,2002,14482,16190,74,4253,1739,2448,3061,33,34999,14003,317,1,997,2051,10842,1777,12255,1386,7074,21479,84416,1153,545,8385,1,6717,168,5784,14797,29283,5728,796,32060,15294,1764,26450,14955,1118,17684,207525,43147,2059,5431,1745,40257,530,775553,22505,16672,12992,653787,241,2113,13209,3,190499,10443,1286,20466,18011,9211,17240
"Gyeongsan",46775,9213,8821,2280,245,0,193,78472,622,18611,863,29771,398825,11700,2410,15662,21515,784,4241181,41822,1456,3369,4036,15,13408,383,8434,0,447,78,19888,633,60915,11391,462,919,6945,1,33,2992,34731,273,249621,2395,604,12425,142,8415,22685,9449,330519,5813,764,2336,27327,19,3065,1614,880,1283,19,12230,5294,201,0,536,1284,5566,1441,7186,637,5281,4683,82584,270,314,4335,0,4723,50,3867,6175,9482,14975,381,16875,5758,1469,23025,4810,334,3384,63243,15068,1198,1237,5077,13032,649,232158,8062,4864,3822,64408,321,1574,3987,0,332240,6330,325,18737,6887,6727,4863
"Gyeryong",51,1585,6664,1484,100,3,7,2789,70,676,329,11610,1335,7558,1379,162,63280,216,13574,401542,922,3991,507,603,9,58,5284,0,2220,0,188,17205,3371,1520,3966,123,26,1,88,4011,63,462,4255,276,36,8,1518,3700,32236,11272,1908,768,7834,488,5576,64,843,17,364,1214,26,5076,42944,3976,0,634,5688,1745,17570,44882,1233,6538,4299,640,1384,5097,39,0,2019,0,76310,11728,5607,3026,200,2961,1572,932,18110,10172,98,3372,44205,4253,334,2303,370,6841,896,2694,26517,1997,458,2292,382,0,1491,0,995,2741,185,284,7664,3763,1216
"Hadong",2000,990,1555,133,329,29,1214,180032,12,19050,64185,2050,3260,691,367,49,5384,38,61401,15873,4990,4394,5357,15,494,65,516,6,236,1,6675,3772,2728,166435,110,1894,420,25,4711,10127,197,31844,4444,168,239,202,4377,1477,58125,342388,16407,2564,506,142037,364454,15,8373,175,138,279,118,3362,2584,1807,10,1261,1148,1185,1774,60816,443,695,697908,158,26,3539,268,1,5090,0,1368,151,1806,7846,61,2037,362041,25330,1087,3645,120,2554,23848,3644,1052,84701,1989,2376,60449,49353,16096,546,193,37932,129,76,337,34,2227,23,898,1124,5462,710,372
"Haman",51898,21404,28773,6658,95,18,4929,593528,496,956595,590902,73796,83482,31053,9927,107,63363,549,1252027,150884,15306,13696,15834,158,12198,2102,13960,8,3907,103,94877,13858,86828,758083,3163,8670,27052,14,11740,9817,7463,17016,132581,10333,1066,8216,6417,23960,163670,456495,13514,25436,5120,348346,6855587,116,74181,8010,3141,7177,74,39088,34101,2726,10,6499,6588,17515,8764,402632,9124,7572,1757552,518,715,20843,13114,5,27931,59,8911,8546,36619,31791,1790,40159,849153,174440,46907,20118,244,18386,332728,60654,6807,86784,65509,52411,30868,91451,96101,16277,19471,121518,3092,2399,19704,17,29013,8712,4281,28591,16148,14695,17571
"Hampyeong",8,2566,1647,28,3442,17,19521,98,1655,14,23,4071,23,90,35,2,414,337,218,1144,495,2765,15,7,3,351,59,19,21,0,42,40,36,35,10675,41135,1,0,764,5561,16,1,55,905,37490,1,294,56,1042807,166,31,21,52,20,110,7717,78,2,10,17,1673,9563,154,251,17,1,834,41,308,363,57,56,26,8,399988,26,0,24731,722,0,71,25,2395,45,3,4622,28,73,49,1862,2138,2766,39169,9835,407,363,15,3061,31,45,708,37,21,15,10,1,57,22,18,13,15120,7,693,77,213
"Hamyang",1953,6007,11045,84,5,5,350,29637,24,6592,11031,13651,2920,1391,463,246,18311,58,86949,77972,6088,2195,368,26,460,223,1563,0,381,2,82120,18904,1436,31416,2321,1443,171,2,97,3759,8811,10939,3095,949,61,326,1344,5298,47700,15904,4104,2789,774,8382,76234,54,174493,1950,165,415,10,11656,19015,807,2,41376,1213,586,3526,27734,16640,2538,125367,401,169,28369,206,0,68673,3,4031,285,13192,4855,97,6681,38534,66029,1031,7213,18,1696,92302,11101,7957,3935,3326,17344,18965,6929,63508,862,381,5954,145,53,1168,0,3171,21,592,924,3453,3136,1350
"Hapcheon",2025,112,449,100,1,0,95,12375,3,16559,4897,530,4316,476,125,282,714,4,359337,2403,1075,111,268,5,571,7,171,0,73,3,64099,342,3613,13068,83,257,305,0,14,183,145742,286,3937,86,6,839,235,283,7853,1692,5243,4460,52,410,29078,1,5133,193,43,68,0,325,809,69,0,356,161,346,236,1047,579,81,1593,591,29,310,203,0,4333,2,197,66,385,6406,22,322,1244,3293,1155,213,0,100,3861,449,829,536,6953,674,1081,6310,3495,230,334,2030,41,55,271,0,5075,133,76,727,191,168,186
"Hoengsung",8670,24741,29264,418,432,1,51,4399,143,917,380,2997,4770,1506,637174,318,16665,37,19040,17468,293,1237,10099,172134,1297,4546,16279,0,482741,43907,223,712,344,1257,255,51,445,0,11,270,519,40,794,30728,375,2437,179,42202,3952,1172,2520,822,417,118,4012,13,261,17,209237,94547,236,21506,1853,271,1,93,496,45295,1345,2340,49,5209,463,1762,354,318,209,0,184,138931,1320,606,12168,1478,241887,5273,332,130,1188,263,121,974,483647,69319,137,299,314,145987,194,5588,1622,705401,12299,4314,54616,935,63759,0,931,142,45,12687,389,46066,82576
"Hongcheon",10926,2167,22885,690,281,0,56,4871,136,1226,653,1582,6525,1832,2018174,400,24264,29,31446,30926,141,681,10462,1262,1676,435,13805,0,2900,135485,339,933,586,1535,412,44,536,1,14,233,1630,68,1463,2966,382,2710,230,1099,6845,2455,2975,1251,1536,211,7770,30,360,22,91990,31756,140,6049,2823,383,0,167,995,39033,1345,4017,85,5084,1389,2657,405,390,270,0,352,514423,1453,1359,4105,1900,947,2506,642,298,1659,341,116,594,2136865,3456,93,786,432,24884,424,5436,2078,366290,32280,4648,400,1436,29535,1,846,226,51,13334,292,21261,34309
"Hongsung",361,25120,26971,65,176784,0,13062,117,774,33,16,795,41,7441,200,7,1599,29,599,4227,1156,118583,561,172,1,13778,5776,3,386,3,5,94,156,43,4303,6066,223,0,658,947,6,0,252,14711,123754,2,23,241,32096,451,101,30,30,91,100,1493,21,0,195,181,8974,140648,30,9,2,7,2947,2614,13,58,2,3246,19,38,17017,35,90,73,20,0,142,112,3632,109,100,177652,51,9,330,2290,49420,91176,384415,114118,49,2915,17,20341,38,171,31,981,195,69,146,10,937,2,48,44,2995,823,2346,1410,1588
"Hwaseong",29776,511413,2292506,59620,359402,7,148458,129050,154727,22294,13930,2463358,29977,201921,3340,5037,907204,44905,265369,1084648,8556,1748233,43494,21780,1214,56753,436270,63,37858,10,5531,52078,67297,44699,43134,103811,15022,3,3078,407073,4280,8611,122077,117002,662708,1153,2685,15826,278305,17893,69406,23979,22262,4841,104280,31173,28727,194,25965,6940,255546,1862358,15787,4717,6,12656,45699,98230,6144,28842,1344,583015,51916,23374,403593,41294,9902,1517,7319,47,24927,63868,805200,43318,18343,3698912,30464,21357,106088,134624,199768,868682,9102422,1392855,713,9056,13586,1541040,37586,106219,14182,108044,4869,57537,13682,1554,107057,28,28400,21759,67308,49213,360017,310301,600537
"Iksan",328,16598,9930,3938,195,5,34,42502,176,3235,8708,5642,7074,19851,3170,212,126416,937,48582,627625,2177,108523,2298,1355,178,226,12811,0,3332,1,2708,10822,13522,22934,66546,748,181,5,318,255172,1996,4286,25422,1610,164,47,13071,12193,167328,85754,14543,4596,42055,3095,36919,252,19163,347,1808,2696,209,30100,28406,59254,0,44481,29956,9514,98255,111345,50074,26256,18279,565,3376,34695,108,3,21541,4,74938,12748,2830,10380,1276,30400,10161,16137,21205,87957,152,60884,129840,55654,1272,20327,2339,3988,10031,20336,170023,6429,1904,9077,1538,6,8409,2,6581,4801,754,1685,136893,17457,863
"Imsil",178,4890,2311,655,51,4,129,1994,42,287,547,1316,246,3302,466,14,15201,271,3710,57454,6493,31874,134,92,57,71,2178,1,424,0,514,270,293,1504,279,3218,25,4,136,74935,186,224,307,485,37,16,16008,2917,79164,74606,344,184,4218,1673,2807,57,919,50,270,381,58,8880,58146,44331,7,172,3260,997,538,226279,1682,2932,1215,15,210,300,3,0,36672,4,14901,686,847,701,128,8839,1108,863,981,23045,39,17885,39915,16501,9310,18097,160,1267,731,892,458960,892,396,371,208,6,2490,2,403,66,631,75,40197,2502,220
"Jangheung",0,1,0,0,0,162467,2,3,0,0,1,0,0,2,0,0,2,0,3,7,2,0,1,0,0,0,0,19384,0,0,0,0,0,9,0,8,0,10,13,0,0,0,1,0,4,0,1,1,54,12,4,0,0,1,8,1,0,0,0,0,0,1,2,0,11161,0,1,1,0,4,0,1,4,0,51,1,0,0,3,0,0,0,1,5,0,0,3,1,1,1,1,0,19,2,0,282062,0,1,3,1,4,0,0,1,0,0,0,197846,0,0,0,0,0,0,1
"Jangsu",461,1399,3793,57,10,2,7,5618,12,812,1374,5156,241,1037,199,37,9478,33,12817,53865,129,1182,76,43,106,69,1302,0,168,0,1936,23182,98,5091,4330,31,7,1,6,2669,898,1088,168,305,23,74,36,2914,1811,1066,979,559,456,787,7818,3,43823,131,71,168,2,5940,42050,209,0,524,241,431,5572,33810,30253,1311,7184,60,37,100621,6,0,1734,0,3398,196,5273,1332,57,3130,3661,7935,218,3296,9,691,37867,5022,227,246,635,5650,3007,1639,285840,291,206,1166,80,28,432,0,662,28,34,193,1603,1303,550
"Jangsung",739,9888,4880,971,9264,28,32125,4571,3249,395,1630,2691,1636,5605,1110,51,29441,1001,12068,88108,18156,33495,381,432,193,260,4996,5,1080,1,1405,1746,2532,5582,81125,99635,81,1,28863,69818,389,376,1352,3371,56789,111,4676,5293,703672,22522,1489,1981,6763,1626,7297,1078,1227,53,558,1299,3597,21014,31488,3562,11,267,64436,2214,165334,60162,804,6308,2532,22,12063,1436,35,8,15317,5,18113,5675,1375,1814,316,15422,2982,1018,2220,24629,4539,23859,80399,32179,8970,63978,832,1943,1146,2181,99854,1852,770,1940,551,13,2998,26,1393,547,8012,428,35781,9221,327
"Jecheon",64274,42179,183591,3775,7584,0,184,17153,896,3523,1925,7070,34403,174241,162833,1446,155540,195,117224,114171,299,55071,107325,4173,9532,5298,144185,1,25713,13087,1286,3702,9310,5815,1429,210,6981,0,33,1228,3707,130,4293,38145,8157,17910,417,74338,16615,8646,10780,4857,2251,1116,19184,63,575,82,56982,51312,4404,54980,10702,1053,1,511,2642,101589,6258,12812,218,57820,1674,7890,1426,1218,4479,0,1018,23087,8147,3995,62055,6157,6635,91689,1736,525,12674,1594,1906,16530,734456,129724,249,1324,720,182095,702,22818,7101,1262572,33281,14129,8434,7995,65987,1,3320,938,238,165712,3551,48777,59925
"Jeongeup",270,5649,8103,2238,70,5,136,7070,58,777,3024,2109,750,12931,1510,67,63723,314,14493,245011,11201,36661,1183,964,52,83,10745,6,2228,2,1013,5545,8265,7627,174913,1696,148,1,13099,86382,529,689,7218,573,177,34,2969,7914,743832,14556,1630,1702,17694,2116,10470,437,3878,109,1257,1304,75,10489,97649,435,1,5993,159261,6111,103174,263586,8503,11571,3282,81,3916,8551,65,8,13079,5,39133,11195,1291,2626,785,10293,2688,2151,8785,28962,56,20576,59335,19075,3019,45918,442,1752,2499,3177,359914,4252,1067,2872,865,2,6907,1,1057,1721,1227,454,46249,10449,399
"Jeongju",1188,26687,14246,4137,323,9,565,127554,263,25047,78905,11352,6980,25827,4862,251,146625,1488,77017,803917,8287,172883,3075,1776,420,384,12553,5,4922,2,6717,11992,17553,119907,131484,2595,531,4,2041,405589,2354,8108,31539,2658,278,244,31065,15328,398811,228403,11783,7125,41811,61609,448006,536,26389,371,1845,3473,320,49335,110873,227460,4,32026,54824,10848,253888,53397,30882,21669,121033,524,6838,32016,245,8,73237,11,100372,14222,6148,14916,1477,48816,109276,50040,21036,146399,239,97175,210014,90430,4805,56790,2707,8063,20446,37146,109645,6783,2733,30151,2102,38,11482,7,10284,3997,2145,1778,218195,20139,1493
"Jinan",476,933,715,40,9,0,2,4817,8,920,1566,463,476,681,117,44,5163,50,14545,21551,132,5885,75,57,88,13,342,0,88,0,1986,4244,125,4976,3561,78,4,0,5,13862,842,1114,202,94,12,49,104,758,2611,744,1292,641,1186,405,10314,49,18092,280,48,103,11,1772,42426,1613,1,30477,1093,207,7270,28439,8244,580,5831,64,123,25047,3,0,2417,0,5668,132,353,2017,23,1765,3072,6196,308,4497,5,3302,9444,3195,170,195,499,459,3016,2410,112836,258,98,1082,43,17,224,0,823,15,78,178,7434,497,95
"Jincheon",3871,77199,562011,15762,4764,1,194,18647,1238,4343,1865,4851,5361,157691,5935,575,806647,346,30157,353936,1407,36802,17552,3600,152,4743,165650,0,7547,8,367,10650,6727,8077,4033,248,2706,0,58,2699,302,854,10945,8663,4307,120,1206,87824,40149,13816,6831,7492,7254,690,8916,90,2741,21,4704,4922,3423,260248,28737,3367,0,1263,7558,50975,14398,28474,664,23003,5406,3463,2112,3816,1192,3,1992,10,16181,18473,255319,3045,2386,356641,3880,2497,13763,3139,1208,13192,650838,178037,758,3100,2422,157574,2577,13640,15051,14150,5802,9506,2888,153,22564,1,3070,3991,317,11288,2266,63729,18070
"Jinju",4314,4649,14211,292,25,11,1580,447221,71,90143,268074,26964,6346,2686,1415,127,35990,92,125864,119725,8468,5105,1554,53,793,267,2879,6,936,2,66213,18415,4813,518506,1478,4233,1706,6,5670,6466,355,375857,11293,1880,183,542,4409,8085,86932,442485,19953,4025,3777,818986,1847395,35,131124,430,429,1809,21,21113,19354,1229,8,7701,2945,1709,4131,161503,6054,5212,478670,449,102,25343,710,0,25477,6,5106,532,25006,9747,220,12495,2661664,238841,2918,17198,44,4480,174943,21952,4581,75291,2860,33700,554474,93870,57924,3366,945,111228,489,138,2016,10,4511,107,2098,2245,6795,4009,3611
"Milyang",146,25,54,7,0,3,0,4657,5,18,306,110,500,67,42,275,138,2,2959,305,2,19,113,0,45,2,31,1,16,0,15,0,84,1501,1,1,74,0,0,9,19,0,513,18,0,22,0,91,22,73,920,617,3,12,137,0,3,2,6,33,0,64,13,0,1,0,0,70,2,23,2,17,58,1208,0,1,30,0,4,0,9,8,70,331,5,62,58,4,69,29,0,23,703,87,0,9,22,126,8,2241,16,83,37,7281,1,7,60,0,611,23,0,63,27,39,41
"Muan",122,29930,23750,504,41157,246,96687,586,11696,81,58,58232,204,1870,310,19,8131,3248,2471,21149,1694,31739,259,270,16,3684,1296,800,436,0,169,602,443,193,67139,397039,56,4,1305,63095,49,10,803,13021,208292,6,130,649,4323061,108,399,108,959,13,341,424140,141,4,213,307,19266,102880,2180,225,260,34,12996,975,2608,5651,170,1243,74,128,1586731,378,18,84234,1209,7,1231,816,34494,549,124,51459,59,86,1069,31026,22426,31400,429231,125762,752,1226,204,43451,52,474,10152,687,195,197,203,6,965,278,183,154,107577,104,7489,1653,2887
"Muju",117,3527,10827,150,176,3,32,10031,399,620,2956,23906,85,3081,643,19,41190,756,6095,573704,2323,3442,363,133,57,224,4322,1,478,2,1568,115721,164,11063,3881,244,45,1,41,5859,441,3836,216,1059,167,10,579,6788,36371,16437,372,190,3651,3761,18977,26,28305,99,285,430,31,17735,33202,228,0,110367,1278,1159,7993,34189,28806,3306,23457,40,350,31498,11,1,10544,4,5589,4321,16292,513,187,10106,12231,16143,434,20862,127,2638,104809,16080,2442,3541,72,19294,13665,919,151148,787,434,1521,206,3,1312,1,236,66,340,45,7205,2733,1613
"Munkyeong",53,5319,7081,1212,84,0,3,13161,16,4914,1844,187,7598,27761,498,1065,785,7,75210,1528,67,1232,392,111,19,742,9819,0,484,2,551,18,8354,5890,18,6,18869,0,5,20,2943,30,27726,5155,32,14,38,12434,945,1062,9940,4121,23,260,15214,0,198,55,205,273,107,4834,102,2,0,10,37,2941,62,274,4,1537,758,3239,14,7,158,0,433,3,55,104,4648,8095,160,5829,711,135,104534,26,19,714,111069,16741,68,243,5285,23089,231,12598,79,719,10405,6916,224,2,9552,0,4417,536,10,59,75,7883,7906
"Naju",0,180,60,1,278,12,706,67,130,0,0,153,2,3,1,0,11,9,5,29,6,228,0,0,0,38,5,3,1,1,0,1,1,8,461,904,0,0,26,346,0,0,2,51,1107,0,1,1,502458,7,0,2,0,1,4,25712,0,0,0,1,270,580,9,0,0,0,16,1,12,15,3,1,2,0,82902,0,0,11962,3,0,6,1,86,0,1,345,2,1,0,51,138,221,2082,742,4,30,0,130,2,4,17,0,0,0,1,0,1,1,0,0,534,1,56,2,4
"Namwon",4085,2554,3836,202,71,5,6161,19837,23,4182,5511,2730,5412,1752,516,250,11362,122,101701,35683,56895,14175,857,83,1138,60,2367,2,374,3,36891,5273,3898,18405,211,19578,258,9,637,33397,6783,4243,6454,362,118,568,45119,2692,552004,154484,6998,4262,1875,5577,32414,355,68804,1802,222,394,40,6188,20478,39059,5,1865,12164,882,13826,71385,2196,2443,25785,366,821,12714,497,1,421703,1,6244,462,2490,12494,112,5177,12611,29501,2345,11167,43,7966,34478,10348,144596,48987,4125,3256,9333,12531,159958,782,334,5090,200,141,799,4,5256,43,4492,2540,17963,1872,338
"Namyangju",17,36,28,1,3,0,0,2,0,0,0,24,0,16,1239,0,19,0,19,25,0,2,25,19,1,0,22,0,57,0,0,2,1,1,1,1,4,1,0,0,1,0,2,1,3,0,1,97,7,3,5,1,1,0,7,1,0,0,926,3962,0,29,2,1,1,1,4,127,1,7,1,7,0,0,5,5,4,0,0,0,1,0,21,5,17,8,0,0,9,0,0,5,175,9,0,2,0,50,2,1,2,305,0,0,11,2,58,0,0,0,0,26,2,47,42
"Nonsan",121,4358,9193,3377,139,3,17,9641,76,969,2292,2169,5560,13522,2033,295,82917,248,36576,827529,2017,31257,1413,713,33,56,8365,0,2156,2,711,18635,13281,6671,14601,339,85,0,181,51335,544,1164,17135,453,116,11,4406,7575,79672,40754,5951,5781,68342,1225,9998,99,3490,70,1166,1516,134,8759,69281,14956,0,3245,16643,5550,35430,93494,5773,14564,4969,1476,1750,5620,64,3,6035,0,984,19011,1418,7170,459,6301,2964,3383,31286,27215,94,21499,51384,14573,779,8786,1225,1923,2682,8911,60592,3827,1108,3497,717,3,5028,0,4833,5588,385,815,70661,10827,469
"Okchun",178,10825,27070,583,1558,0,216,21144,3949,4380,1723,74915,12444,13850,2044,801,376990,3728,64082,1709535,339,9214,1410,1040,66,881,9669,0,2249,3,266,3612,43707,6796,2040,217,88,0,36,21545,674,447,34079,3705,2047,37,282,14482,17465,4533,17413,7089,13724,378,9032,67,1064,23,912,1684,77,30461,15630,768,0,659,8057,5256,10198,17431,237,20526,2555,3013,1473,11396,105,0,757,1,22724,89870,26671,10362,522,24916,1921,978,4577,87536,2530,8801,180580,28483,165,1860,3629,27137,2608,15495,6940,4376,1196,6905,569,4,4435,0,6984,81721,218,115,25608,10837,3407
"Osan",9685,51502,1144726,15262,8489,2,24521,29363,46900,5722,3296,1016097,7944,71413,1513,1334,271265,13856,80891,343494,153,29494,10450,5530,429,14687,137763,12,13936,2,1157,12516,21869,15517,6628,19434,4028,2,33,127346,1049,2135,59335,31655,111950,233,277,7190,5184,1577,20519,5769,7092,1056,28557,4796,6625,45,6605,2536,5538,508637,1515,433,2,3334,1381,33539,828,3085,243,181738,13037,5786,75287,10271,3023,103,1401,18,2106,16813,83286,10339,4352,187541,6768,5599,36559,41459,25760,16313,2573213,190145,67,451,3513,841513,7244,26618,1362,35669,1846,15697,4657,505,33959,4,6077,5440,12000,13718,10414,95272,182862
"Pohang",22258,18481,15299,5108,871,0,740,1468,2371,24785,814,40645,212660,17921,7086,23775,52576,1641,3280989,124538,4531,27492,7770,32,4645,708,13133,2,158,255,22348,1621,71162,699,1716,2634,21345,2,109,5911,40867,391,262468,4193,1574,3022,750,14787,63850,53513,447,11491,4496,7822,32827,46,5410,2148,1831,2078,54,28528,10442,633,1,1545,2878,7049,3223,18567,2185,7939,10915,30386,690,885,9073,0,12694,172,7183,11329,19126,1138176,446,19218,11047,3148,34267,12678,1187,7702,196768,37677,4154,5510,2779,33197,1062,937,25318,9841,11769,1321,68,1645,10070,1,552221,13594,1979,13707,14720,7464,10262
"Pyeongchang",2758,9457,13127,210,195,1,25,1745,67,354,165,1727,2157,790,3585,126,9265,19,11696,10210,78,643,1922,55024,443,1976,6890,0,419016,551,91,257,261,580,132,35,252,0,4,140,303,60,658,16453,195,661,68,21443,3473,851,683,358,188,49,2108,14,83,4,229805,946,112,13225,1200,119,0,46,250,4543,626,1360,24,2277,238,793,205,195,165,0,100,1438,371,221,6481,224,158803,2900,134,62,648,159,58,605,230579,34913,25,172,70,77087,96,1674,767,229575,6997,1619,56810,363,32678,0,230,43,44,3095,191,20804,36743
"Pyeongtaek",18105,831928,1249425,19442,297749,1,43947,53179,38720,12153,5948,753065,20800,187697,1327,1981,335065,11428,113403,321344,2200,1445380,27239,2387,649,53626,273811,16,4124,2,1440,17371,21984,20694,10916,28065,8015,0,604,103711,1411,2496,53529,90864,188133,761,1058,2088,86336,7115,32251,23041,5851,1203,47416,8562,7259,70,2149,1670,223545,1607814,6445,1857,1,3353,12407,84274,2442,11617,486,366156,12069,11465,105016,11354,6242,330,2173,11,8724,24406,160172,15569,1581,2386789,8067,6878,52053,35861,81866,760519,3054659,1845202,267,2716,7696,221836,7629,46299,5637,11542,1423,23269,1662,951,7378,5,14430,7389,16875,27895,222408,10340,13440
"Sacheon",4117,2951,8004,164,60,5,1461,303247,39,42483,140979,17324,7624,2062,970,80,20769,43,132750,74214,9510,3281,1373,49,972,207,2161,3,625,3,27166,10788,5396,311706,658,2373,1538,6,5031,3998,384,56242,11629,750,122,589,3665,5336,60628,369211,13051,4983,1407,358144,936308,18,39866,432,312,726,25,12622,9350,1064,7,3514,2839,1903,2397,119961,3289,2516,2099099,277,60,12645,677,2,11597,3,2845,354,12506,11079,147,8226,349185,171487,3221,7525,33,3317,87597,13035,1923,62571,3401,14432,124872,64380,29963,1767,629,59308,303,143,1241,7,4907,66,1275,2298,4010,2543,1834
"Sancheong",1275,3601,8331,102,16,2,1074,59547,33,5311,27748,13027,1572,1312,420,87,17969,50,38247,55049,3236,3567,363,19,293,157,1650,2,324,0,28714,17607,1260,68223,1353,1358,154,1,145,4538,2126,39562,2293,744,71,196,599,3932,25066,33699,2015,1436,788,24872,173893,15,63525,1065,129,379,7,10462,15465,655,3,7336,790,2024,1850,49335,5430,3172,190984,106,105,17436,143,1,25090,2,3263,256,9854,3593,78,7300,161736,87090,777,7214,19,1987,82897,10569,4210,4559,1339,12283,58349,13310,39508,729,346,12798,133,53,1300,1,1938,22,508,579,4203,2644,1268
"Sangju",680,33370,56353,107904,888,0,433,47566,3252,16803,6011,106334,43918,153320,2916,4387,317335,1418,485960,334523,733,4363,854,423,106,3790,52821,0,2325,24,2568,2525,56835,21274,2969,413,144120,1,54,5967,13784,198,220526,24367,5820,79,455,68637,16364,8127,29270,23116,15269,1492,50036,104,1161,480,1321,2208,344,49419,19941,911,0,192,1837,12511,7788,22583,244,14281,3646,11000,1744,498,126154,0,2487,10,30117,3817,54316,34213,855,48829,3804,785,312734,7668,1823,4830,678264,106271,631,1465,33563,135946,1215,40904,11947,4009,52151,23218,1227,25,53919,0,20153,4045,355,187,8836,43590,42806
"Sejong",113,7081,18809,2913,44331,2,13895,17044,137523,4023,2533,95951,6598,3220,493,1177,21322,82859,78842,1469607,1425,134586,581,236,37,406,2683,3,532,0,1094,60190,30021,7612,6651,7013,56,0,145,289476,866,1918,27866,1659,125637,31,3391,1397,74516,23799,14113,5001,12395,1280,20141,1702,6074,40,198,376,1584,30059,34739,7000,2,2598,9794,1563,10973,63876,1784,3587,15088,5593,27828,20308,56,33,3761,7,23545,76824,28242,11180,143,18631,6205,5559,7908,116480,86844,185827,162983,27076,794,6406,2591,32989,6683,16932,41230,1012,332,11632,240,3,1118,1,7870,17811,4025,270,575362,1899,2358
"Seocheon",17,18270,12067,619,331488,1,20291,243,46247,54,16,27078,834,1830,191,43,7735,7922,3999,97510,1037,38895,477,123,2,3610,1238,4,200,2,9,916,1898,58,7519,8366,39,0,581,64913,4,8,2962,8168,149197,5,20,263,25993,339,828,310,128,97,130,1846,10,1,205,121,56487,69620,14,2,2,4,5436,984,22,30,3,1113,30,131,17506,88,27,82,30,0,62,2152,10671,1052,52,55548,32,7,1858,83596,84591,59959,211888,71790,52,2721,182,16432,20,1317,19,416,95,74,97,1,356,2,645,934,3539,153,6113,544,994
"Seosan",1943,104381,84762,1634,293805,1,22751,21790,8982,3081,3923,8143,8058,26813,589,608,15873,2554,46758,308639,2676,341447,2589,975,40,38188,18425,2,2050,4,222,6270,16410,6691,8929,10813,943,1,1610,72730,437,685,34814,38594,230678,32,1481,659,88332,10899,16881,5440,2824,573,17123,3494,1144,13,876,654,97148,444033,9435,2668,3,256,11524,11604,3373,15729,534,13287,3049,4120,35000,2796,673,168,1220,6,20768,7086,12480,7229,670,659139,2480,1370,4554,159785,60991,137309,1082892,405412,403,8619,2268,55181,2832,34101,8325,3169,492,9774,622,125,2846,2,5128,2139,6429,4142,69122,3231,4921
"Seoul",274474,8227720,4514139,128145,518747,40,314007,363046,414241,70234,38329,4047702,81451,911093,13540,21152,2480110,120855,1118913,3224889,13458,1544768,166411,294183,8927,624492,1952623,140,585042,255,18907,129595,183577,155499,95021,235803,165030,27,4884,1094776,18592,30759,323433,2549592,1292170,6464,11198,7008543,395487,62417,218433,69202,77315,21591,363630,68119,96649,909,254740,21875,382698,8412439,64258,20467,29,36452,66018,531450,41355,106566,6157,696448,170092,88297,886251,112632,116807,1980,26567,1110,61341,172484,3349965,189497,224227,3808594,94114,78498,677355,365619,358831,1086473,110579,160109,3031,23358,47923,11722118,119726,322554,58983,1644274,5006,230278,75652,11185,1367851,71,84385,53044,150039,334186,489069,4167901,7579694
"Siheung",30087,5715852,243515,10959,42806,3,21483,58204,20272,11567,6709,260025,14772,102737,1119,2186,148942,5767,122397,173426,1479,221009,24648,48362,857,513071,216614,11,90869,13,1197,10537,18068,21785,6275,14188,18833,4,639,53904,1530,1852,46758,1818004,98603,829,483,3858,50507,3550,29397,16704,3294,942,43492,4285,5062,78,57198,3142,33116,1477115,2760,851,2,1985,6640,77950,1050,5208,274,65819,9265,11207,55428,7184,14364,228,1401,19,5130,12025,244828,23836,32371,483199,6174,4011,88380,17342,27591,119087,177601,6567,147,1814,7117,2597145,8319,44859,2445,246032,1131,26874,22457,1247,180751,4,16339,4351,9024,42716,48723,395385,1071314
"Sunchang",1457,504,380,40,215,7,2630,4034,34,1190,1309,180,2119,366,92,88,1861,29,28951,5634,29585,3017,144,11,285,10,382,1,87,1,6108,702,1004,3645,186,10876,23,1,857,7042,1492,732,2016,58,410,179,22984,421,596005,27077,2533,1765,303,1212,8362,125,8212,342,86,80,92,939,834,7524,3,254,8511,181,3442,3717,125,297,4313,99,609,2696,70,0,149940,1,795,138,114,4328,25,875,2084,5294,631,2078,71,1774,4569,1723,8174,7970,1174,158,2114,2220,3727,153,59,1964,33,48,200,1,1840,20,2661,703,3759,374,31
"Suncheon",1953,5946,2426,593,7273,887599,23260,66537,259,5193,20560,1803,2171,3897,837,26,20100,333,29391,54381,144336,36392,637,126,430,88,2200,336480,739,1,4568,1379,1828,57001,3145,40618,142,1358461,341957,84081,453,8497,3637,596,8306,198,67483,2945,2418255,961043,4512,1491,2612,92748,101171,344,3888,185,420,836,2628,11004,22195,18824,322498,177,56963,1489,46286,65940,143,3227,68936,73,278,4333,231,4,55359,3,10392,1367,958,6304,252,10404,67464,5118,1606,25820,2424,23830,44690,20166,6310,1961863,917,1381,25748,23290,120777,1272,539,12014,403,70,1424,771071,1548,72,25048,1296,45106,2512,250
"Sungju",820,5175,5853,2622,112,0,165,46107,404,43658,10258,14601,897,9048,296,239,15765,360,329365,25259,1410,2467,157,23,323,273,4514,0,288,1,23638,381,111406,31365,196,678,6857,0,35,1548,36216,166,34663,1425,288,296,191,4977,19983,6195,1633,4669,426,1755,71192,14,3819,2462,234,229,9,7175,2557,163,0,724,943,755,812,3028,598,2061,2851,224,192,221,4913,0,4467,3,1297,3783,6287,2711,76,6847,3496,1551,31611,2925,193,3845,50396,8182,1332,934,71763,8616,736,2268,6125,575,4074,4247,108,11,4279,1,4457,3845,252,557,3569,3411,2585
"Suwon",60256,1269924,1352227,26983,31050,10,47897,61264,89135,13316,6829,1231475,13180,244300,11118,4009,468331,26355,207203,642864,348,85657,46928,79730,2009,444745,499672,38,185312,55,2620,24001,44354,27554,12843,37844,40242,20,89,241385,3175,4119,80446,1669246,216163,1460,549,39674,11414,3131,42269,17049,13419,2633,62998,9369,16816,145,131398,26955,24479,1358129,2809,945,13,5666,2845,144542,1493,6294,399,173089,32054,16597,146732,20374,25697,215,3131,125,3155,26094,1070573,33682,82711,491378,15518,12273,139124,78901,52351,63708,12135801,2745200,119,939,8686,6119141,17823,55484,2731,574726,15865,40538,60234,2619,666502,19,15397,11059,23395,79041,32447,1525433,4245597
"Tongyeong",2782,4699,15937,332,40,3,2388,4804,78,6589,6270,30119,4030,2598,1477,36,40432,106,61276,132386,7133,5278,1390,37,502,401,2486,3,958,6,22905,18061,3736,6219,1566,3679,1261,5,5591,6923,479,2745637,8012,1699,171,308,2906,9897,85673,247245,1083,1220,1155,104755,58628,31,32898,769,359,866,52,26335,16449,1152,2,5076,1952,1551,4101,36005,5836,3910,880966,55,118,25798,578,1,16246,6,4576,627,23808,2271,201,13043,203774,104326,2273,14041,54,5692,203949,30642,3794,42304,1692,31058,840,4100,61031,2072,1209,1981,493,126,2664,15,1174,75,1766,1713,6837,4734,4109
"Ulsan",51952,30426,26317,7749,1035,3,1984,2483687,2933,11443,408421,86718,163426,28137,13247,55301,79084,2305,1230322,139358,5085,17256,33106,26,11955,2181,20813,3,493,343,26037,2636,66501,1382996,1528,3372,23529,5,4607,11109,9676,1427,194614,7639,2661,6300,1847,24539,60561,176933,689622,221715,2455,44899,93310,108,7007,2076,4478,5543,85,56922,21486,864,1,1865,2789,20502,5141,38412,2775,14597,101398,250023,1414,1587,9980,1,9070,193,9638,11705,39308,15745,1982,46020,64634,15276,36350,17170,2029,31782,298022,52463,2513,22324,2393,50302,1800,2699598,37463,21540,15896,2859705,527,3388,16289,10,308201,16746,2022,35481,21345,15454,18363
"Wanju",3549,16698,9908,2796,276,4,53,100653,158,8755,23203,5751,3287,15701,2833,585,90013,949,154709,433390,10187,109668,1793,1036,1073,238,8719,4,2565,1,8056,5775,7229,59982,86600,3611,215,15,870,258175,5552,12131,10831,1656,187,510,71102,10054,712499,512351,23082,7944,25585,15086,107866,811,61960,1460,1598,2327,210,30448,175422,518258,4,287517,98183,7341,366854,123076,132625,13201,54232,1008,12394,146959,97,6,182906,8,67114,6747,2864,24980,1049,30478,30017,40354,13021,98558,145,61571,131202,56271,5518,103555,4981,4121,34765,36161,188500,4094,1916,16587,1423,21,6305,5,10787,1641,3581,974,138420,11932,1028
"Wonju",67087,78067,91163,986,1409,0,162,17365,426,2648,1359,6227,17342,9067,882579,1701,43083,112,94255,41922,251,3589,129580,142713,11663,14452,48420,1,507968,25984,811,1349,1214,4829,641,174,1388,0,31,860,2106,185,2376,103525,1289,12167,359,201432,11909,3941,16757,4875,1861,462,18185,63,551,53,635293,361641,944,79023,5324,692,0,267,1208,912843,2986,6195,195,13145,3413,7527,894,989,694,0,652,33697,3198,2115,47648,8327,228290,21916,1631,486,3566,843,350,3030,1613493,239950,117,963,513,503127,942,22436,2945,965981,44799,14751,107481,6756,210643,1,3711,525,147,136901,1096,207586,323270
"Yangpyeong",13564,1253,19474,690,334,0,62,14600,127,4025,2048,1540,4245,83485,329,921,19013,36,50668,18854,94,555,14834,5625,583,321,144147,0,11392,24,408,596,5806,7012,332,55,16447,0,16,303,1479,86,14966,1538,328,755,224,789,4067,1510,10201,3138,474,206,15921,20,370,47,5172,195,185,4897,1831,399,0,202,618,24786,1066,2754,76,5178,910,4099,325,418,10390,0,294,61,985,951,3516,8286,5164,2434,599,295,47322,320,116,549,4675,1757,44,411,2883,15828,526,13413,1790,35854,6951,8497,1320,794,973834,0,4470,549,51,19531,207,21753,28711
"Yangsan",36453,7259,12611,2682,113,5,743,6524615,489,36668,548533,28902,112617,11519,5508,153328,28741,443,681981,55474,2739,4686,8464,618,10313,787,8978,2,685,157,13221,2487,26014,3207916,700,1507,9288,3,2173,3197,3981,865,107539,5108,556,6581,579,13364,36181,76934,648787,82561,1366,34341,126613,23,6484,766,1923,2969,21,16016,10312,396,0,1140,2249,9232,2482,30879,1154,4274,104226,822130,354,2318,4223,1,4894,88,4752,4233,14493,52286,1012,15130,58641,12314,17147,7437,196,5616,128993,19817,1266,11397,5332,22595,838,2898055,16640,8672,6763,1593024,727,1659,8306,3,154366,5636,1036,18148,6356,9087,8120
"Yangyang",2668,6181,11725,282,219,2,35,812,87,406,230,2284,2013,1033,1298,93,12125,31,10126,12886,40,611,1981,292915,318,1242,6084,0,811464,184,138,275,279,384,171,31,363,0,6,196,331,40,692,9141,281,441,108,10669,3534,1015,170,296,314,91,3413,15,123,7,54676,345,126,7866,1103,181,0,84,367,5131,601,1851,30,2282,405,598,237,200,170,0,151,500,568,336,5332,32,76884,2324,280,93,905,179,73,528,72407,20263,45,283,77,46890,212,503,1014,98642,1889,828,421359,377,18988,0,118,91,30,3239,164,16316,26058
"Yechun",38020,363,733,2,7,0,0,1815,0,591,215,31,11003,1385,1878,270,55,2,40016,37,26,77,7718,77,3493,46,479,0,738,173,117,0,14,630,0,5,7,0,0,1,459,5,53,301,1,3931,6,725,497,290,1678,1141,0,60,2072,1,47,16,516,1072,7,481,8,0,0,20,15,6338,0,21,6,143,120,825,4,5,3,0,74,257,1,1,423,1074,180,636,118,35,13,2,1,84,7436,1087,18,34,17,1489,42,2918,12,5115,588,1678,303,22,436,0,604,2,8,27941,10,297,499
"Yeoju",11202,70625,130625,2244,1268,1,221,16824,517,3657,2004,7246,4921,108346,38743,1105,87358,145,63835,82357,471,4428,10230,16441,434,17863,193019,0,41638,45,611,2290,6063,7406,1275,198,15687,1,37,1122,1593,281,20066,97732,1512,396,546,225727,17601,4574,12644,3668,1680,327,17773,85,922,69,29787,18385,950,88408,8155,1071,0,412,2289,36740,6725,13164,234,23024,1992,4820,1293,1242,8727,0,769,53,4531,3804,50136,8531,13103,19812,1227,776,43942,1069,432,3047,1462707,190174,163,1205,2876,637897,1316,16614,5430,171741,923093,11350,12170,499,450116,0,4177,814,197,16220,1009,275905,432030
"Yeongam",0,9,2,0,10,148326,18,18,2,2,0,2,0,2,0,0,2,1,3,4,2,5,0,0,0,1,0,603692,1,0,0,0,0,7,8,53,0,13,38,4,1,1,1,3,57,0,0,1,407,26,4,0,1,2,15,50,0,0,0,0,1,13,0,0,213299,0,6,2,3,8,0,0,7,0,258,1,0,4,5,0,0,1,2,1,0,8,8,0,0,1,4,1,121,5,0,742947,0,3,6,0,7,1,0,2,0,0,1,307,0,0,1,0,1,1,3
"Yeongchun",14344,11893,9545,2998,270,1,345,174441,1045,18416,1640,36324,241892,10853,2325,26280,29007,634,3999873,54488,2056,6335,3651,11,2801,477,7753,0,195,88,14709,728,44337,29668,835,1052,9101,1,40,3249,26144,178,153266,2382,817,2369,289,6980,27670,11039,147664,314294,1051,2568,28692,32,3478,1584,681,1077,15,17856,6170,427,0,681,1481,3538,1514,8782,847,3939,4791,77125,465,337,4162,0,5105,75,3910,7394,10271,476065,266,15353,5268,1605,18899,8541,547,6492,90311,19531,1676,1229,5490,14316,633,268439,10680,3968,5667,92055,172,877,5430,0,137367,7579,532,8607,13581,5390,4848
"Yeongdong",261,2761,7541,112,366,1,56,16424,1113,4680,1662,20104,15877,2369,369,1460,72749,800,109393,450237,36,3152,381,107,108,198,2578,0,450,1,137,2232,115257,9180,575,57,880,0,21,4497,1242,13,82350,643,666,38,22,4148,4099,391,16405,8382,2916,53,13026,20,44,32,167,315,29,10746,4780,86,1,47,630,991,1963,4414,19,4214,212,4800,320,88,694,0,48,0,6026,76345,10119,13513,109,9835,133,53,4838,18789,683,2322,56737,9690,35,105,4450,11113,87,19124,1854,497,577,9661,127,4,874,0,8866,46512,53,47,6688,1942,1656
"Yeonggwang",335,4474,3663,73,6968,7,35044,4587,2754,319,1059,8921,272,291,64,32,1301,621,5952,3752,11041,5163,28,48,41,596,182,2,73,0,746,99,283,3165,21196,103926,6,0,9301,11923,276,274,547,1611,48737,31,2261,145,49554,6721,1197,280,159,1224,5232,15429,644,39,38,46,3187,18954,520,591,2,18,8733,138,971,1920,66,211,1567,34,85819,237,8,293,4534,2,295,120,5335,1881,31,8368,1474,581,213,4699,3967,5796,74552,19561,2555,27388,191,6715,1137,1805,2637,118,37,1085,37,8,151,7,532,26,298,135,1294,281,451
"Yeongju",129136,15124,46004,54,1035,0,29,28648,126,7814,2633,2110,152220,86333,28586,3798,16388,30,466706,10863,656,4314,349275,515,29557,2110,36952,0,9619,3787,2637,200,245,8714,126,195,404,0,20,192,7626,116,731,18228,384,44724,168,29824,10964,7166,20088,17361,206,1243,31475,2,908,285,11449,14144,764,26394,1365,63,0,170,267,192705,344,1547,176,11474,2366,13657,81,33,35,1,2391,5372,697,91,22584,11906,3313,25621,2243,589,213,221,126,3996,321575,50076,559,967,650,71799,843,36473,866,142331,21200,24972,4001,31256,19362,0,7773,40,153,49730,823,17698,21850
"Yesan",427,51426,24447,3722,2419,1,3052,22008,23849,4855,2429,3307,7747,7856,301,828,18035,6290,59967,881936,789,231586,947,278,89,20524,5202,0,628,0,436,20698,18365,7273,3068,2165,243,0,120,274401,637,778,23672,21286,22486,72,2445,439,32097,16785,18114,8118,7519,708,17423,939,2780,38,370,372,1603,193627,15918,4465,1,486,4611,3543,5665,26385,902,2419,4148,5392,7434,6747,100,33,2085,2,64681,21346,6638,11874,209,200402,2581,2217,8295,509792,6240,51768,508316,163321,587,4424,3366,25671,2592,20693,13995,1172,209,9734,227,18,989,2,11449,5457,1128,1041,186799,1348,2007
"Yicheon",15093,156951,344596,5543,1916,0,438,31560,934,6651,2649,18169,15351,96640,28590,1743,315252,263,85819,176476,1686,4853,14198,22682,508,57346,257516,2,69269,29,625,5331,7594,13737,3046,469,14360,1,99,2843,1223,776,25225,199704,5588,569,1374,946575,46405,12708,13370,11757,6648,808,19043,144,2860,60,46364,20944,1458,226691,20789,2852,0,1497,10232,44075,11409,27911,598,80632,5291,7540,2929,3076,10474,2,2010,33,10184,13926,122612,9837,22472,32423,3986,2068,56011,3092,899,3562,4438204,374212,500,2938,3762,1231425,2998,22379,13830,228830,25974,19158,20576,584,281938,0,5529,2149,456,22780,1287,306328,787933
"Yongin",17439,519839,106659,2819,2065,0,3231,21136,6120,5247,2352,74604,6493,81676,29991,1255,102102,1806,66073,80792,94,7121,17434,38846,626,170713,187894,0,95814,28,331,2808,6952,10273,1002,2579,13802,0,16,16578,968,529,21360,697799,14802,557,112,72596,2189,841,14658,5249,1899,395,19149,652,1403,33,71727,36061,1440,538749,1178,204,1,560,362,45479,424,1424,82,21502,3413,5801,10132,1700,8441,10,285,49,703,3627,291694,9873,35290,56875,1821,1153,43827,5559,3463,4773,7860353,1117011,19,214,2623,4055869,2067,17865,836,342294,28367,13050,31670,757,427542,1,4806,1102,1593,23675,2009,799473,2033201
